{
  "hist_gbdt_incumbent": {
    "pr_auc": 0.5735677016883289,
    "roc_auc": 0.9187635381753975,
    "recall_2pct": 0.5634449244060475
  },
  "logistic_balanced": {
    "pr_auc": 0.3183578958585724,
    "roc_auc": 0.8466139968641906,
    "recall_2pct": 0.2996760259179266
  },
  "xgboost": {
    "pr_auc": 0.5236518253645831,
    "roc_auc": 0.907034425944249,
    "recall_2pct": 0.5056695464362851
  },
  "lightgbm": {
    "pr_auc": 0.5689130050225261,
    "roc_auc": 0.9211831626881172,
    "recall_2pct": 0.5542656587473002
  }
}