{
  "card1": 23188.4068608284,
  "C14": 19997.70046901703,
  "addr1": 17771.860034942627,
  "D2": 17688.637427806854,
  "card2": 16815.46094727516,
  "C7": 16536.752265691757,
  "TransactionAmt": 16182.720630168915,
  "C2": 14244.799508571625,
  "C1": 13937.255371809006,
  "D10": 12654.766902208328,
  "D15": 12551.216069459915,
  "D3": 9616.59459233284,
  "D4": 9524.13849067688,
  "R_emaildomain": 9391.897680282593,
  "C13": 8569.829656362534,
  "id_02": 7557.481780529022,
  "C5": 7548.537185668945,
  "C8": 7419.110852479935,
  "dist1": 7173.673388600349,
  "C11": 7111.4173991680145,
  "D1": 6880.529208660126,
  "card5": 6342.626397371292,
  "DeviceInfo_top": 6325.564857721329,
  "P_emaildomain": 6235.721400022507,
  "C6": 6126.713139533997,
  "D5": 5335.263758897781,
  "C9": 4746.126811027527,
  "C4": 3755.256109714508,
  "id_01": 3735.863315820694,
  "M4": 3710.5972990989685,
  "M5": 3473.723896741867,
  "dist2": 3315.4915359020233,
  "id_06": 3273.0503516197205,
  "card6": 3238.8290553092957,
  "addr2": 3069.3864336013794,
  "id_05": 2797.8333311080933,
  "C10": 2641.2550632953644,
  "card3": 2342.8511497974396,
  "M6": 2228.9011046886444,
  "DeviceType": 2011.7125027179718,
  "C12": 1855.1188447475433,
  "ProductCD": 1723.1998677253723,
  "id31_fam": 1393.014345407486,
  "id_15": 1256.4918155670166,
  "M3": 1254.2100648880005,
  "card4": 704.5436301231384,
  "M9": 659.2139437198639,
  "M7": 598.0399391651154,
  "M8": 590.8516082763672,
  "id_11": 541.6939392089844,
  "M2": 529.9093689918518,
  "id30_fam": 369.4895751476288,
  "id_28": 333.8401598930359,
  "id_29": 292.35854053497314,
  "M1": 235.78244829177856,
  "C3": 133.00882029533386,
  "has_identity": 19.843369722366333
}