{
  "feature_names": [
    "new_device",
    "new_geo",
    "hour_deviation",
    "amount_zscore",
    "behavior_anomaly",
    "event_criticality",
    "channel_risk",
    "new_beneficiary",
    "recovery_change",
    "velocity",
    "device_sharing"
  ],
  "cohorts": [
    "AU",
    "BG",
    "BR",
    "CA",
    "CZ",
    "DE",
    "DK",
    "FI",
    "FR",
    "GB",
    "ID",
    "IN",
    "IR",
    "IT",
    "JP",
    "KR",
    "MA",
    "NL",
    "NO",
    "NZ",
    "PL",
    "RO",
    "TR",
    "UA",
    "US"
  ],
  "noised_cohort_means": {
    "BR": [
      0.3932177298198481,
      0.49915975065120294,
      0.5034822688833154,
      0.0,
      0.4920206173968548,
      0.20078336933090005,
      0.39806215608029377,
      0.0,
      0.0,
      0.07250115691376105,
      1.0
    ],
    "NO": [
      0.399763044675721,
      0.4871561737564212,
      0.495716004390218,
      0.00010214289822950741,
      0.4997343922992484,
      0.2002433281869426,
      0.39998617066737663,
      0.0,
      0.0,
      0.06795396117871948,
      0.9981140050314851
    ],
    "US": [
      0.3985158330393671,
      0.49848876717546053,
      0.4997778271497117,
      0.0004447662127877124,
      0.5004642585066303,
      0.2023078682561092,
      0.3995620417127648,
      0.0,
      0.0,
      0.06747440874411732,
      0.9973311815970527
    ],
    "PL": [
      0.39007279676750245,
      0.487146043781417,
      0.5017927010312127,
      0.004982506740269618,
      0.5036411094719523,
      0.19553866398500389,
      0.40155632541574093,
      0.000782219398239147,
      0.0014660091385133485,
      0.07302213701459621,
      0.9989723750178457
    ],
    "GB": [
      0.39499730348029005,
      0.49079875565441694,
      0.5014364713108618,
      0.0,
      0.4966971044207673,
      0.19514003238026711,
      0.393399009004686,
      0.0,
      0.01544597947964612,
      0.05857356092657556,
      1.0
    ],
    "DE": [
      0.3862144257553467,
      0.49496700528124105,
      0.5105888434894742,
      0.016240080592775666,
      0.5181152158872564,
      0.19203724461523328,
      0.389442702806086,
      0.01959094029125299,
      0.0,
      0.03813061314798361,
      0.971254009396052
    ],
    "AU": [
      0.4113131776913948,
      0.4996675087046512,
      0.515235927260611,
      0.0,
      0.5036076615415459,
      0.21423566798792829,
      0.3929606421787565,
      0.010394182343076416,
      0.0,
      0.05865292891956252,
      0.9884545589755088
    ],
    "NZ": [
      0.5656517950763417,
      0.3403249807008007,
      0.5042500824518863,
      0.16353397813414042,
      0.6518950121115348,
      0.42634182026179207,
      0.36649852313701387,
      0.0,
      0.0,
      0.0,
      0.507740605079907
    ],
    "ID": [
      0.35637381554917785,
      0.5112735488189428,
      0.46220948344862894,
      0.0,
      0.5522309427971941,
      0.18567764947475535,
      0.429649241426075,
      0.0,
      0.0,
      0.028912053483761028,
      0.9792996504531444
    ],
    "IN": [
      0.35813000777571485,
      0.4999563295940556,
      0.5051406448753558,
      0.0,
      0.47048596105752066,
      0.2014721631593861,
      0.3891930544911208,
      0.00474892117356913,
      0.00044600226194156574,
      0.09998610852417607,
      0.9940891109264322
    ],
    "FR": [
      0.40747003298626866,
      0.510388805978449,
      0.5588469753895363,
      0.03632459883153936,
      0.5155227200227627,
      0.2636488740303949,
      0.3482927079891724,
      0.0,
      0.0,
      0.049875153792306115,
      0.914982058069629
    ],
    "CZ": [
      0.38024193984279847,
      0.4073176977714885,
      0.4397917303660356,
      0.0171869057615375,
      0.5459463033476692,
      0.30946127562071835,
      0.5597386527346463,
      0.022718026442319034,
      0.0,
      0.0,
      1.0
    ],
    "UA": [
      0.3872501102383492,
      0.47960407125778975,
      0.49435858703613644,
      0.01950596667287762,
      0.5028737719838843,
      0.19709720147235077,
      0.3810489660091226,
      0.0,
      0.0,
      0.06635684973364495,
      1.0
    ],
    "DK": [
      0.6044585483147208,
      0.3855738115668696,
      0.2136240752749465,
      0.0,
      0.339646483716589,
      0.6706223653410393,
      0.21838457181444645,
      0.18539693863715473,
      0.0,
      0.27665914400176833,
      1.0
    ],
    "IR": [
      0.39084143013218275,
      0.40890842049403164,
      0.5455912609919794,
      0.0,
      0.35218638329771207,
      0.04587492947217791,
      0.42081488605210826,
      0.19044557117252012,
      0.019295714611877336,
      0.053519962338744405,
      1.0
    ],
    "RO": [
      0.6539750569175383,
      0.6041771391457036,
      0.8530544838590005,
      0.04264700890785924,
      0.21501022135953096,
      0.0,
      0.78424621102655,
      0.4011756112165398,
      0.0,
      0.0,
      1.0
    ],
    "JP": [
      1.0,
      0.0,
      0.8854154012139408,
      0.0,
      0.49691139815696644,
      0.10144022380837453,
      0.6035651122071968,
      0.8487434969470243,
      0.05462475415679368,
      0.45623899570266885,
      0.0
    ],
    "NL": [
      0.29615378085930977,
      0.46425086883872974,
      0.604921541112051,
      0.0,
      0.503473270690743,
      0.1451005693905475,
      0.3628455142600558,
      0.1137015884488246,
      0.06101630763897951,
      0.21902499319837024,
      0.9824807738102249
    ],
    "CA": [
      0.4276588938389767,
      0.26768200871524533,
      0.5150870255886257,
      0.04806017381587995,
      1.0,
      0.595224721614078,
      0.22032456833845765,
      0.0,
      0.0,
      0.0,
      1.0
    ],
    "KR": [
      0.14633619432553313,
      0.0,
      0.43119979147140314,
      0.0,
      0.2993197794521272,
      0.0,
      0.36427045437300004,
      0.0,
      0.0,
      0.8742187150337937,
      0.5120116972895096
    ],
    "IT": [
      0.20564706544616082,
      0.45203241387132365,
      0.5471964579851584,
      0.2831329117266455,
      0.33836865921714593,
      0.15982742793202073,
      0.5273154111230194,
      0.07120770076945626,
      0.0,
      0.045983182141592444,
      0.7748141470520686
    ],
    "FI": [
      0.7676442652184765,
      0.5503334179215007,
      0.6261548915847973,
      0.019588482612968083,
      0.5000311000243465,
      0.0,
      0.5166325238078805,
      0.0,
      0.7713615448650556,
      0.6469327266936954,
      1.0
    ],
    "TR": [
      0.4850185945141145,
      0.6553615136209004,
      0.0,
      0.3000941911673592,
      0.6470382203866772,
      0.0,
      0.24742723261892138,
      0.08533180659629794,
      0.01697684722916054,
      0.0,
      0.9583838937842104
    ],
    "BG": [
      0.92161965857243,
      0.0,
      0.41621472362718753,
      0.06162373395047536,
      0.6033369477886774,
      0.07015777681001704,
      0.0,
      0.11450925814850808,
      0.6030497412550153,
      0.0,
      1.0
    ],
    "MA": [
      1.0,
      1.0,
      1.0,
      1.0,
      0.0,
      0.0,
      1.0,
      0.0,
      1.0,
      1.0,
      0.0
    ]
  }
}